[
    {
      "Indicator":"Life expectancy at birth (years)",
      "PUBLISH STATES":"Published",
      "Year":1990,
      "WHO region":"Europe",
      "World Bank income group":"High-income",
      "Country":"Andorra",
      "Sex":"Both sexes",
      "Display Value":77,
      "Numeric":77.00000,
      "Low":"",
      "High":"",
      "Comments":""
    },
    {
      "Indicator":"Life expectancy at birth (years)",
      "PUBLISH STATES":"Published",
      "Year":2000,
      "WHO region":"Europe",
      "World Bank income group":"High-income",
      "Country":"Andorra",
      "Sex":"Both sexes",
      "Display Value":80,
      "Numeric":80.00000,
      "Low":"",
      "High":"",
      "Comments":""
    },
    {
      "Indicator":"Life expectancy at age 60 (years)",
      "PUBLISH STATES":"Published",
      "Year":2012,
      "WHO region":"Europe",
      "World Bank income group":"High-income",
      "Country":"Andorra",
      "Sex":"Female",
      "Display Value":28,
      "Numeric":28.00000,
      "Low":"",
      "High":"",
      "Comments":""
    },
    {
      "Indicator":"Life expectancy at age 60 (years)",
      "PUBLISH STATES":"Published",
      "Year":2000,
      "WHO region":"Europe",
      "World Bank income group":"High-income",
      "Country":"Andorra",
      "Sex":"Both sexes",
      "Display Value":23,
      "Numeric":23.00000,
      "Low":"",
      "High":"",
      "Comments":""
    },
    {
      "Indicator":"Life expectancy at birth (years)",
      "PUBLISH STATES":"Published",
      "Year":2012,
      "WHO region":"Eastern Mediterranean",
      "World Bank income group":"High-income",
      "Country":"United Arab Emirates",
      "Sex":"Female",
      "Display Value":78,
      "Numeric":78.00000,
      "Low":"",
      "High":"",
      "Comments":""
    },
    {
      "Indicator":"Life expectancy at birth (years)",
      "PUBLISH STATES":"Published",
      "Year":2000,
      "WHO region":"Americas",
      "World Bank income group":"High-income",
      "Country":"Antigua and Barbuda",
      "Sex":"Male",
      "Display Value":72,
      "Numeric":72.00000,
      "Low":"",
      "High":"",
      "Comments":""
    },
    {
      "Indicator":"Life expectancy at age 60 (years)",
      "PUBLISH STATES":"Published",
      "Year":1990,
      "WHO region":"Americas",
      "World Bank income group":"High-income",
      "Country":"Antigua and Barbuda",
      "Sex":"Male",
      "Display Value":17,
      "Numeric":17.00000,
      "Low":"",
      "High":"",
      "Comments":""
    },
    {
      "Indicator":"Life expectancy at age 60 (years)",
      "PUBLISH STATES":"Published",
      "Year":2012,
      "WHO region":"Americas",
      "World Bank income group":"High-income",
      "Country":"Antigua and Barbuda",
      "Sex":"Both sexes",
      "Display Value":22,
      "Numeric":22.00000,
      "Low":"",
      "High":"",
      "Comments":""
    },
    {
      "Indicator":"Life expectancy at birth (years)",
      "PUBLISH STATES":"Published",
      "Year":2012,
      "WHO region":"Western Pacific",
      "World Bank income group":"High-income",
      "Country":"Australia",
      "Sex":"Male",
      "Display Value":81,
      "Numeric":81.00000,
      "Low":"",
      "High":"",
      "Comments":""
    },
    {
      "Indicator":"Life expectancy at birth (years)",
      "PUBLISH STATES":"Published",
      "Year":2000,
      "WHO region":"Western Pacific",
      "World Bank income group":"High-income",
      "Country":"Australia",
      "Sex":"Both sexes",
      "Display Value":80,
      "Numeric":80.00000,
      "Low":"",
      "High":"",
      "Comments":""
    },
    {
      "Indicator":"Life expectancy at birth (years)",
      "PUBLISH STATES":"Published",
      "Year":2012,
      "WHO region":"Western Pacific",
      "World Bank income group":"High-income",
      "Country":"Australia",
      "Sex":"Both sexes",
      "Display Value":83,
      "Numeric":83.00000,
      "Low":"",
      "High":"",
      "Comments":""
    },
    {
      "Indicator":"Life expectancy at birth (years)",
      "PUBLISH STATES":"Published",
      "Year":2012,
      "WHO region":"Europe",
      "World Bank income group":"High-income",
      "Country":"Austria",
      "Sex":"Female",
      "Display Value":83,
      "Numeric":83.00000,
      "Low":"",
      "High":"",
      "Comments":""
    },
    {
      "Indicator":"Life expectancy at age 60 (years)",
      "PUBLISH STATES":"Published",
      "Year":2012,
      "WHO region":"Europe",
      "World Bank income group":"High-income",
      "Country":"Austria",
      "Sex":"Female",
      "Display Value":25,
      "Numeric":25.00000,
      "Low":"",
      "High":"",
      "Comments":""
    },
    {
      "Indicator":"Life expectancy at birth (years)",
      "PUBLISH STATES":"Published",
      "Year":2012,
      "WHO region":"Europe",
      "World Bank income group":"High-income",
      "Country":"Belgium",
      "Sex":"Female",
      "Display Value":83,
      "Numeric":83.00000,
      "Low":"",
      "High":"",
      "Comments":""
    },
    {
      "Indicator":"Life expectancy at birth (years)",
      "PUBLISH STATES":"Published",
      "Year":2000,
      "WHO region":"Eastern Mediterranean",
      "World Bank income group":"High-income",
      "Country":"Bahrain",
      "Sex":"Male",
      "Display Value":73,
      "Numeric":73.00000,
      "Low":"",
      "High":"",
      "Comments":""
    },
    {
      "Indicator":"Life expectancy at birth (years)",
      "PUBLISH STATES":"Published",
      "Year":1990,
      "WHO region":"Eastern Mediterranean",
      "World Bank income group":"High-income",
      "Country":"Bahrain",
      "Sex":"Female",
      "Display Value":74,
      "Numeric":74.00000,
      "Low":"",
      "High":"",
      "Comments":""
    },
    {
      "Indicator":"Life expectancy at age 60 (years)",
      "PUBLISH STATES":"Published",
      "Year":1990,
      "WHO region":"Eastern Mediterranean",
      "World Bank income group":"High-income",
      "Country":"Bahrain",
      "Sex":"Male",
      "Display Value":17,
      "Numeric":17.00000,
      "Low":"",
      "High":"",
      "Comments":""
    },
    {
      "Indicator":"Life expectancy at birth (years)",
      "PUBLISH STATES":"Published",
      "Year":2012,
      "WHO region":"Americas",
      "World Bank income group":"High-income",
      "Country":"Bahamas",
      "Sex":"Male",
      "Display Value":72,
      "Numeric":72.00000,
      "Low":"",
      "High":"",
      "Comments":""
    },
    {
      "Indicator":"Life expectancy at age 60 (years)",
      "PUBLISH STATES":"Published",
      "Year":2000,
      "WHO region":"Americas",
      "World Bank income group":"High-income",
      "Country":"Bahamas",
      "Sex":"Both sexes",
      "Display Value":21,
      "Numeric":21.00000,
      "Low":"",
      "High":"",
      "Comments":""
    },
    {
      "Indicator":"Life expectancy at birth (years)",
      "PUBLISH STATES":"Published",
      "Year":1990,
      "WHO region":"Americas",
      "World Bank income group":"High-income",
      "Country":"Barbados",
      "Sex":"Male",
      "Display Value":71,
      "Numeric":71.00000,
      "Low":"",
      "High":"",
      "Comments":""
    },
    {
      "Indicator":"Life expectancy at age 60 (years)",
      "PUBLISH STATES":"Published",
      "Year":2012,
      "WHO region":"Americas",
      "World Bank income group":"High-income",
      "Country":"Barbados",
      "Sex":"Female",
      "Display Value":25,
      "Numeric":25.00000,
      "Low":"",
      "High":"",
      "Comments":""
    },
    {
      "Indicator":"Life expectancy at age 60 (years)",
      "PUBLISH STATES":"Published",
      "Year":2012,
      "WHO region":"Americas",
      "World Bank income group":"High-income",
      "Country":"Barbados",
      "Sex":"Both sexes",
      "Display Value":23,
      "Numeric":23.00000,
      "Low":"",
      "High":"",
      "Comments":""
    },
    {
      "Indicator":"Life expectancy at age 60 (years)",
      "PUBLISH STATES":"Published",
      "Year":1990,
      "WHO region":"Western Pacific",
      "World Bank income group":"High-income",
      "Country":"Brunei Darussalam",
      "Sex":"Female",
      "Display Value":20,
      "Numeric":20.00000,
      "Low":"",
      "High":"",
      "Comments":""
    },
    {
      "Indicator":"Life expectancy at age 60 (years)",
      "PUBLISH STATES":"Published",
      "Year":2000,
      "WHO region":"Western Pacific",
      "World Bank income group":"High-income",
      "Country":"Brunei Darussalam",
      "Sex":"Female",
      "Display Value":22,
      "Numeric":22.00000,
      "Low":"",
      "High":"",
      "Comments":""
    },
    {
      "Indicator":"Life expectancy at age 60 (years)",
      "PUBLISH STATES":"Published",
      "Year":2012,
      "WHO region":"Western Pacific",
      "World Bank income group":"High-income",
      "Country":"Brunei Darussalam",
      "Sex":"Female",
      "Display Value":21,
      "Numeric":21.00000,
      "Low":"",
      "High":"",
      "Comments":""
    },
    {
      "Indicator":"Life expectancy at birth (years)",
      "PUBLISH STATES":"Published",
      "Year":2000,
      "WHO region":"Americas",
      "World Bank income group":"High-income",
      "Country":"Canada",
      "Sex":"Female",
      "Display Value":82,
      "Numeric":82.00000,
      "Low":"",
      "High":"",
      "Comments":""
    },
    {
      "Indicator":"Life expectancy at age 60 (years)",
      "PUBLISH STATES":"Published",
      "Year":2000,
      "WHO region":"Americas",
      "World Bank income group":"High-income",
      "Country":"Canada",
      "Sex":"Male",
      "Display Value":21,
      "Numeric":21.00000,
      "Low":"",
      "High":"",
      "Comments":""
    },
    {
      "Indicator":"Life expectancy at age 60 (years)",
      "PUBLISH STATES":"Published",
      "Year":1990,
      "WHO region":"Americas",
      "World Bank income group":"High-income",
      "Country":"Canada",
      "Sex":"Female",
      "Display Value":24,
      "Numeric":24.00000,
      "Low":"",
      "High":"",
      "Comments":""
    },
    {
      "Indicator":"Life expectancy at birth (years)",
      "PUBLISH STATES":"Published",
      "Year":1990,
      "WHO region":"Europe",
      "World Bank income group":"High-income",
      "Country":"Switzerland",
      "Sex":"Male",
      "Display Value":74,
      "Numeric":74.00000,
      "Low":"",
      "High":"",
      "Comments":""
    },
    {
      "Indicator":"Life expectancy at birth (years)",
      "PUBLISH STATES":"Published",
      "Year":2012,
      "WHO region":"Europe",
      "World Bank income group":"High-income",
      "Country":"Switzerland",
      "Sex":"Both sexes",
      "Display Value":83,
      "Numeric":83.00000,
      "Low":"",
      "High":"",
      "Comments":""
    },
    {
      "Indicator":"Life expectancy at age 60 (years)",
      "PUBLISH STATES":"Published",
      "Year":2000,
      "WHO region":"Europe",
      "World Bank income group":"High-income",
      "Country":"Switzerland",
      "Sex":"Both sexes",
      "Display Value":23,
      "Numeric":23.00000,
      "Low":"",
      "High":"",
      "Comments":""
    },
    {
      "Indicator":"Life expectancy at birth (years)",
      "PUBLISH STATES":"Published",
      "Year":2012,
      "WHO region":"Western Pacific",
      "World Bank income group":"High-income",
      "Country":"Cook Islands",
      "Sex":"Both sexes",
      "Display Value":76,
      "Numeric":76.00000,
      "Low":"",
      "High":"",
      "Comments":""
    },
    {
      "Indicator":"Life expectancy at age 60 (years)",
      "PUBLISH STATES":"Published",
      "Year":2012,
      "WHO region":"Western Pacific",
      "World Bank income group":"High-income",
      "Country":"Cook Islands",
      "Sex":"Female",
      "Display Value":22,
      "Numeric":22.00000,
      "Low":"",
      "High":"",
      "Comments":""
    },
    {
      "Indicator":"Life expectancy at age 60 (years)",
      "PUBLISH STATES":"Published",
      "Year":2000,
      "WHO region":"Western Pacific",
      "World Bank income group":"High-income",
      "Country":"Cook Islands",
      "Sex":"Both sexes",
      "Display Value":18,
      "Numeric":18.00000,
      "Low":"",
      "High":"",
      "Comments":""
    },
    {
      "Indicator":"Life expectancy at birth (years)",
      "PUBLISH STATES":"Published",
      "Year":2000,
      "WHO region":"Europe",
      "World Bank income group":"High-income",
      "Country":"Cyprus",
      "Sex":"Female",
      "Display Value":79,
      "Numeric":79.00000,
      "Low":"",
      "High":"",
      "Comments":""
    },
    {
      "Indicator":"Life expectancy at birth (years)",
      "PUBLISH STATES":"Published",
      "Year":2000,
      "WHO region":"Europe",
      "World Bank income group":"High-income",
      "Country":"Cyprus",
      "Sex":"Both sexes",
      "Display Value":77,
      "Numeric":77.00000,
      "Low":"",
      "High":"",
      "Comments":""
    },
    {
      "Indicator":"Life expectancy at age 60 (years)",
      "PUBLISH STATES":"Published",
      "Year":2000,
      "WHO region":"Europe",
      "World Bank income group":"High-income",
      "Country":"Cyprus",
      "Sex":"Female",
      "Display Value":22,
      "Numeric":22.00000,
      "Low":"",
      "High":"",
      "Comments":""
    },
    {
      "Indicator":"Life expectancy at age 60 (years)",
      "PUBLISH STATES":"Published",
      "Year":2012,
      "WHO region":"Europe",
      "World Bank income group":"High-income",
      "Country":"Cyprus",
      "Sex":"Female",
      "Display Value":26,
      "Numeric":26.00000,
      "Low":"",
      "High":"",
      "Comments":""
    },
    {
      "Indicator":"Life expectancy at birth (years)",
      "PUBLISH STATES":"Published",
      "Year":2012,
      "WHO region":"Europe",
      "World Bank income group":"High-income",
      "Country":"Czech Republic",
      "Sex":"Male",
      "Display Value":75,
      "Numeric":75.00000,
      "Low":"",
      "High":"",
      "Comments":""
    },
    {
      "Indicator":"Life expectancy at birth (years)",
      "PUBLISH STATES":"Published",
      "Year":1990,
      "WHO region":"Europe",
      "World Bank income group":"High-income",
      "Country":"Czech Republic",
      "Sex":"Female",
      "Display Value":75,
      "Numeric":75.00000,
      "Low":"",
      "High":"",
      "Comments":""
    },
    {
      "Indicator":"Life expectancy at birth (years)",
      "PUBLISH STATES":"Published",
      "Year":1990,
      "WHO region":"Europe",
      "World Bank income group":"High-income",
      "Country":"Germany",
      "Sex":"Female",
      "Display Value":79,
      "Numeric":79.00000,
      "Low":"",
      "High":"",
      "Comments":""
    },
    {
      "Indicator":"Life expectancy at age 60 (years)",
      "PUBLISH STATES":"Published",
      "Year":1990,
      "WHO region":"Europe",
      "World Bank income group":"High-income",
      "Country":"Germany",
      "Sex":"Male",
      "Display Value":18,
      "Numeric":18.00000,
      "Low":"",
      "High":"",
      "Comments":""
    },
    {
      "Indicator":"Life expectancy at age 60 (years)",
      "PUBLISH STATES":"Published",
      "Year":2000,
      "WHO region":"Europe",
      "World Bank income group":"High-income",
      "Country":"Germany",
      "Sex":"Male",
      "Display Value":20,
      "Numeric":20.00000,
      "Low":"",
      "High":"",
      "Comments":""
    },
    {
      "Indicator":"Life expectancy at birth (years)",
      "PUBLISH STATES":"Published",
      "Year":2012,
      "WHO region":"Europe",
      "World Bank income group":"High-income",
      "Country":"Denmark",
      "Sex":"Both sexes",
      "Display Value":80,
      "Numeric":80.00000,
      "Low":"",
      "High":"",
      "Comments":""
    },
    {
      "Indicator":"Life expectancy at age 60 (years)",
      "PUBLISH STATES":"Published",
      "Year":1990,
      "WHO region":"Europe",
      "World Bank income group":"High-income",
      "Country":"Denmark",
      "Sex":"Male",
      "Display Value":18,
      "Numeric":18.00000,
      "Low":"",
      "High":"",
      "Comments":""
    },
    {
      "Indicator":"Life expectancy at age 60 (years)",
      "PUBLISH STATES":"Published",
      "Year":2000,
      "WHO region":"Europe",
      "World Bank income group":"High-income",
      "Country":"Denmark",
      "Sex":"Male",
      "Display Value":19,
      "Numeric":19.00000,
      "Low":"",
      "High":"",
      "Comments":""
    },
    {
      "Indicator":"Life expectancy at age 60 (years)",
      "PUBLISH STATES":"Published",
      "Year":2000,
      "WHO region":"Europe",
      "World Bank income group":"High-income",
      "Country":"Denmark",
      "Sex":"Both sexes",
      "Display Value":21,
      "Numeric":21.00000,
      "Low":"",
      "High":"",
      "Comments":""
    },
    {
      "Indicator":"Life expectancy at age 60 (years)",
      "PUBLISH STATES":"Published",
      "Year":2012,
      "WHO region":"Europe",
      "World Bank income group":"High-income",
      "Country":"Denmark",
      "Sex":"Both sexes",
      "Display Value":23,
      "Numeric":23.00000,
      "Low":"",
      "High":"",
      "Comments":""
    },
    {
      "Indicator":"Life expectancy at birth (years)",
      "PUBLISH STATES":"Published",
      "Year":2012,
      "WHO region":"Europe",
      "World Bank income group":"High-income",
      "Country":"Spain",
      "Sex":"Both sexes",
      "Display Value":82,
      "Numeric":82.00000,
      "Low":"",
      "High":"",
      "Comments":""
    },
    {
      "Indicator":"Life expectancy at age 60 (years)",
      "PUBLISH STATES":"Published",
      "Year":2000,
      "WHO region":"Europe",
      "World Bank income group":"High-income",
      "Country":"Spain",
      "Sex":"Female",
      "Display Value":25,
      "Numeric":25.00000,
      "Low":"",
      "High":"",
      "Comments":""
    },
    {
      "Indicator":"Life expectancy at age 60 (years)",
      "PUBLISH STATES":"Published",
      "Year":1990,
      "WHO region":"Europe",
      "World Bank income group":"High-income",
      "Country":"Spain",
      "Sex":"Both sexes",
      "Display Value":22,
      "Numeric":22.00000,
      "Low":"",
      "High":"",
      "Comments":""
    },
    {
      "Indicator":"Life expectancy at birth (years)",
      "PUBLISH STATES":"Published",
      "Year":1990,
      "WHO region":"Europe",
      "World Bank income group":"High-income",
      "Country":"Estonia",
      "Sex":"Female",
      "Display Value":75,
      "Numeric":75.00000,
      "Low":"",
      "High":"",
      "Comments":""
    },
    {
      "Indicator":"Life expectancy at birth (years)",
      "PUBLISH STATES":"Published",
      "Year":2012,
      "WHO region":"Europe",
      "World Bank income group":"High-income",
      "Country":"Estonia",
      "Sex":"Female",
      "Display Value":81,
      "Numeric":81.00000,
      "Low":"",
      "High":"",
      "Comments":""
    },
    {
      "Indicator":"Life expectancy at age 60 (years)",
      "PUBLISH STATES":"Published",
      "Year":2012,
      "WHO region":"Europe",
      "World Bank income group":"High-income",
      "Country":"Estonia",
      "Sex":"Male",
      "Display Value":18,
      "Numeric":18.00000,
      "Low":"",
      "High":"",
      "Comments":""
    },
    {
      "Indicator":"Life expectancy at age 60 (years)",
      "PUBLISH STATES":"Published",
      "Year":2000,
      "WHO region":"Europe",
      "World Bank income group":"High-income",
      "Country":"Estonia",
      "Sex":"Female",
      "Display Value":21,
      "Numeric":21.00000,
      "Low":"",
      "High":"",
      "Comments":""
    },
    {
      "Indicator":"Life expectancy at age 60 (years)",
      "PUBLISH STATES":"Published",
      "Year":2012,
      "WHO region":"Europe",
      "World Bank income group":"High-income",
      "Country":"Estonia",
      "Sex":"Female",
      "Display Value":24,
      "Numeric":24.00000,
      "Low":"",
      "High":"",
      "Comments":""
    },
    {
      "Indicator":"Life expectancy at birth (years)",
      "PUBLISH STATES":"Published",
      "Year":1990,
      "WHO region":"Europe",
      "World Bank income group":"High-income",
      "Country":"Finland",
      "Sex":"Female",
      "Display Value":79,
      "Numeric":79.00000,
      "Low":"",
      "High":"",
      "Comments":""
    },
    {
      "Indicator":"Life expectancy at age 60 (years)",
      "PUBLISH STATES":"Published",
      "Year":2012,
      "WHO region":"Europe",
      "World Bank income group":"High-income",
      "Country":"Finland",
      "Sex":"Male",
      "Display Value":22,
      "Numeric":22.00000,
      "Low":"",
      "High":"",
      "Comments":""
    },
    {
      "Indicator":"Life expectancy at birth (years)",
      "PUBLISH STATES":"Published",
      "Year":2000,
      "WHO region":"Europe",
      "World Bank income group":"High-income",
      "Country":"France",
      "Sex":"Male",
      "Display Value":75,
      "Numeric":75.00000,
      "Low":"",
      "High":"",
      "Comments":""
    },
    {
      "Indicator":"Life expectancy at age 60 (years)",
      "PUBLISH STATES":"Published",
      "Year":2000,
      "WHO region":"Europe",
      "World Bank income group":"High-income",
      "Country":"France",
      "Sex":"Male",
      "Display Value":20,
      "Numeric":20.00000,
      "Low":"",
      "High":"",
      "Comments":""
    },
    {
      "Indicator":"Life expectancy at birth (years)",
      "PUBLISH STATES":"Published",
      "Year":2012,
      "WHO region":"Europe",
      "World Bank income group":"High-income",
      "Country":"United Kingdom of Great Britain and Northern Ireland",
      "Sex":"Female",
      "Display Value":83,
      "Numeric":83.00000,
      "Low":"",
      "High":"",
      "Comments":""
    },
    {
      "Indicator":"Life expectancy at birth (years)",
      "PUBLISH STATES":"Published",
      "Year":2012,
      "WHO region":"Europe",
      "World Bank income group":"High-income",
      "Country":"United Kingdom of Great Britain and Northern Ireland",
      "Sex":"Both sexes",
      "Display Value":81,
      "Numeric":81.00000,
      "Low":"",
      "High":"",
      "Comments":""
    },
    {
      "Indicator":"Life expectancy at age 60 (years)",
      "PUBLISH STATES":"Published",
      "Year":1990,
      "WHO region":"Europe",
      "World Bank income group":"High-income",
      "Country":"United Kingdom of Great Britain and Northern Ireland",
      "Sex":"Male",
      "Display Value":18,
      "Numeric":18.00000,
      "Low":"",
      "High":"",
      "Comments":""
    },
    {
      "Indicator":"Life expectancy at birth (years)",
      "PUBLISH STATES":"Published",
      "Year":2000,
      "WHO region":"Africa",
      "World Bank income group":"High-income",
      "Country":"Equatorial Guinea",
      "Sex":"Female",
      "Display Value":52,
      "Numeric":52.00000,
      "Low":"",
      "High":"",
      "Comments":""
    },
    {
      "Indicator":"Life expectancy at age 60 (years)",
      "PUBLISH STATES":"Published",
      "Year":1990,
      "WHO region":"Africa",
      "World Bank income group":"High-income",
      "Country":"Equatorial Guinea",
      "Sex":"Female",
      "Display Value":15,
      "Numeric":15.00000,
      "Low":"",
      "High":"",
      "Comments":""
    },
    {
      "Indicator":"Life expectancy at age 60 (years)",
      "PUBLISH STATES":"Published",
      "Year":2012,
      "WHO region":"Africa",
      "World Bank income group":"High-income",
      "Country":"Equatorial Guinea",
      "Sex":"Female",
      "Display Value":17,
      "Numeric":17.00000,
      "Low":"",
      "High":"",
      "Comments":""
    },
    {
      "Indicator":"Life expectancy at birth (years)",
      "PUBLISH STATES":"Published",
      "Year":2012,
      "WHO region":"Europe",
      "World Bank income group":"High-income",
      "Country":"Greece",
      "Sex":"Male",
      "Display Value":78,
      "Numeric":78.00000,
      "Low":"",
      "High":"",
      "Comments":""
    },
    {
      "Indicator":"Life expectancy at birth (years)",
      "PUBLISH STATES":"Published",
      "Year":2012,
      "WHO region":"Europe",
      "World Bank income group":"High-income",
      "Country":"Greece",
      "Sex":"Female",
      "Display Value":83,
      "Numeric":83.00000,
      "Low":"",
      "High":"",
      "Comments":""
    },
    {
      "Indicator":"Life expectancy at birth (years)",
      "PUBLISH STATES":"Published",
      "Year":2012,
      "WHO region":"Europe",
      "World Bank income group":"High-income",
      "Country":"Croatia",
      "Sex":"Both sexes",
      "Display Value":78,
      "Numeric":78.00000,
      "Low":"",
      "High":"",
      "Comments":""
    },
    {
      "Indicator":"Life expectancy at age 60 (years)",
      "PUBLISH STATES":"Published",
      "Year":1990,
      "WHO region":"Europe",
      "World Bank income group":"High-income",
      "Country":"Croatia",
      "Sex":"Male",
      "Display Value":16,
      "Numeric":16.00000,
      "Low":"",
      "High":"",
      "Comments":""
    },
    {
      "Indicator":"Life expectancy at age 60 (years)",
      "PUBLISH STATES":"Published",
      "Year":2000,
      "WHO region":"Europe",
      "World Bank income group":"High-income",
      "Country":"Croatia",
      "Sex":"Both sexes",
      "Display Value":19,
      "Numeric":19.00000,
      "Low":"",
      "High":"",
      "Comments":""
    },
    {
      "Indicator":"Life expectancy at birth (years)",
      "PUBLISH STATES":"Published",
      "Year":2000,
      "WHO region":"Europe",
      "World Bank income group":"High-income",
      "Country":"Hungary",
      "Sex":"Male",
      "Display Value":68,
      "Numeric":68.00000,
      "Low":"",
      "High":"",
      "Comments":""
    },
    {
      "Indicator":"Life expectancy at birth (years)",
      "PUBLISH STATES":"Published",
      "Year":2000,
      "WHO region":"Europe",
      "World Bank income group":"High-income",
      "Country":"Hungary",
      "Sex":"Both sexes",
      "Display Value":72,
      "Numeric":72.00000,
      "Low":"",
      "High":"",
      "Comments":""
    },
    {
      "Indicator":"Life expectancy at age 60 (years)",
      "PUBLISH STATES":"Published",
      "Year":1990,
      "WHO region":"Europe",
      "World Bank income group":"High-income",
      "Country":"Hungary",
      "Sex":"Male",
      "Display Value":15,
      "Numeric":15.00000,
      "Low":"",
      "High":"",
      "Comments":""
    },
    {
      "Indicator":"Life expectancy at age 60 (years)",
      "PUBLISH STATES":"Published",
      "Year":2012,
      "WHO region":"Europe",
      "World Bank income group":"High-income",
      "Country":"Hungary",
      "Sex":"Female",
      "Display Value":22,
      "Numeric":22.00000,
      "Low":"",
      "High":"",
      "Comments":""
    },
    {
      "Indicator":"Life expectancy at age 60 (years)",
      "PUBLISH STATES":"Published",
      "Year":2000,
      "WHO region":"Europe",
      "World Bank income group":"High-income",
      "Country":"Hungary",
      "Sex":"Both sexes",
      "Display Value":18,
      "Numeric":18.00000,
      "Low":"",
      "High":"",
      "Comments":""
    },
    {
      "Indicator":"Life expectancy at birth (years)",
      "PUBLISH STATES":"Published",
      "Year":2000,
      "WHO region":"Europe",
      "World Bank income group":"High-income",
      "Country":"Ireland",
      "Sex":"Both sexes",
      "Display Value":77,
      "Numeric":77.00000,
      "Low":"",
      "High":"",
      "Comments":""
    },
    {
      "Indicator":"Life expectancy at age 60 (years)",
      "PUBLISH STATES":"Published",
      "Year":1990,
      "WHO region":"Europe",
      "World Bank income group":"High-income",
      "Country":"Ireland",
      "Sex":"Both sexes",
      "Display Value":19,
      "Numeric":19.00000,
      "Low":"",
      "High":"",
      "Comments":""
    },
    {
      "Indicator":"Life expectancy at age 60 (years)",
      "PUBLISH STATES":"Published",
      "Year":2000,
      "WHO region":"Europe",
      "World Bank income group":"High-income",
      "Country":"Ireland",
      "Sex":"Both sexes",
      "Display Value":20,
      "Numeric":20.00000,
      "Low":"",
      "High":"",
      "Comments":""
    },
    {
      "Indicator":"Life expectancy at birth (years)",
      "PUBLISH STATES":"Published",
      "Year":2012,
      "WHO region":"Europe",
      "World Bank income group":"High-income",
      "Country":"Iceland",
      "Sex":"Female",
      "Display Value":84,
      "Numeric":84.00000,
      "Low":"",
      "High":"",
      "Comments":""
    },
    {
      "Indicator":"Life expectancy at age 60 (years)",
      "PUBLISH STATES":"Published",
      "Year":2000,
      "WHO region":"Europe",
      "World Bank income group":"High-income",
      "Country":"Iceland",
      "Sex":"Female",
      "Display Value":24,
      "Numeric":24.00000,
      "Low":"",
      "High":"",
      "Comments":""
    },
    {
      "Indicator":"Life expectancy at birth (years)",
      "PUBLISH STATES":"Published",
      "Year":1990,
      "WHO region":"Europe",
      "World Bank income group":"High-income",
      "Country":"Israel",
      "Sex":"Male",
      "Display Value":75,
      "Numeric":75.00000,
      "Low":"",
      "High":"",
      "Comments":""
    },
    {
      "Indicator":"Life expectancy at age 60 (years)",
      "PUBLISH STATES":"Published",
      "Year":2000,
      "WHO region":"Europe",
      "World Bank income group":"High-income",
      "Country":"Israel",
      "Sex":"Male",
      "Display Value":21,
      "Numeric":21.00000,
      "Low":"",
      "High":"",
      "Comments":""
    },
    {
      "Indicator":"Life expectancy at age 60 (years)",
      "PUBLISH STATES":"Published",
      "Year":2012,
      "WHO region":"Europe",
      "World Bank income group":"High-income",
      "Country":"Israel",
      "Sex":"Both sexes",
      "Display Value":24,
      "Numeric":24.00000,
      "Low":"",
      "High":"",
      "Comments":""
    },
    {
      "Indicator":"Life expectancy at birth (years)",
      "PUBLISH STATES":"Published",
      "Year":1990,
      "WHO region":"Europe",
      "World Bank income group":"High-income",
      "Country":"Italy",
      "Sex":"Male",
      "Display Value":74,
      "Numeric":74.00000,
      "Low":"",
      "High":"",
      "Comments":""
    },
    {
      "Indicator":"Life expectancy at birth (years)",
      "PUBLISH STATES":"Published",
      "Year":2000,
      "WHO region":"Europe",
      "World Bank income group":"High-income",
      "Country":"Italy",
      "Sex":"Male",
      "Display Value":77,
      "Numeric":77.00000,
      "Low":"",
      "High":"",
      "Comments":""
    },
    {
      "Indicator":"Life expectancy at age 60 (years)",
      "PUBLISH STATES":"Published",
      "Year":2000,
      "WHO region":"Europe",
      "World Bank income group":"High-income",
      "Country":"Italy",
      "Sex":"Male",
      "Display Value":21,
      "Numeric":21.00000,
      "Low":"",
      "High":"",
      "Comments":""
    },
    {
      "Indicator":"Life expectancy at age 60 (years)",
      "PUBLISH STATES":"Published",
      "Year":2012,
      "WHO region":"Europe",
      "World Bank income group":"High-income",
      "Country":"Italy",
      "Sex":"Both sexes",
      "Display Value":25,
      "Numeric":25.00000,
      "Low":"",
      "High":"",
      "Comments":""
    },
    {
      "Indicator":"Life expectancy at age 60 (years)",
      "PUBLISH STATES":"Published",
      "Year":2012,
      "WHO region":"Western Pacific",
      "World Bank income group":"High-income",
      "Country":"Japan",
      "Sex":"Female",
      "Display Value":29,
      "Numeric":29.00000,
      "Low":"",
      "High":"",
      "Comments":""
    },
    {
      "Indicator":"Life expectancy at age 60 (years)",
      "PUBLISH STATES":"Published",
      "Year":1990,
      "WHO region":"Western Pacific",
      "World Bank income group":"High-income",
      "Country":"Japan",
      "Sex":"Both sexes",
      "Display Value":23,
      "Numeric":23.00000,
      "Low":"",
      "High":"",
      "Comments":""
    },
    {
      "Indicator":"Life expectancy at age 60 (years)",
      "PUBLISH STATES":"Published",
      "Year":2000,
      "WHO region":"Western Pacific",
      "World Bank income group":"High-income",
      "Country":"Japan",
      "Sex":"Both sexes",
      "Display Value":25,
      "Numeric":25.00000,
      "Low":"",
      "High":"",
      "Comments":""
    },
    {
      "Indicator":"Life expectancy at birth (years)",
      "PUBLISH STATES":"Published",
      "Year":1990,
      "WHO region":"Western Pacific",
      "World Bank income group":"High-income",
      "Country":"Republic of Korea",
      "Sex":"Female",
      "Display Value":76,
      "Numeric":76.00000,
      "Low":"",
      "High":"",
      "Comments":""
    },
    {
      "Indicator":"Life expectancy at birth (years)",
      "PUBLISH STATES":"Published",
      "Year":1990,
      "WHO region":"Western Pacific",
      "World Bank income group":"High-income",
      "Country":"Republic of Korea",
      "Sex":"Both sexes",
      "Display Value":72,
      "Numeric":72.00000,
      "Low":"",
      "High":"",
      "Comments":""
    }
]
    